sku_sk,description_text,generated_at
S001,"💎 Product Description
Crafted with premium hard enamel, this pin features a durable metal backing and a refined metal frame. The design honors the traditional Chinese ""Auspicious Deer"" (祥鹿), finished in a clean white enamel contrasted by shimmering golden metal detailing. Look closely, and you will see the deer adorned with flowing ribbons and swirling auspicious clouds, captured in a pose that suggests it is ready to leap forward. Its graceful lines and sophisticated color scheme make it a timeless piece of wearable art.
•	Size: Approx. 4.5 x 3.5 x 1 cm
🎁Perfect for Every Occasion
This unique, neo-Chinese style accessory is a meaningful and thoughtful gift for:
•	🎓 Graduations: Wishing for a bright, smooth journey into the future.
•	🚗 New Car Owners: An ideal gift to wish for safe travels and peace on the road.
•	🧧 Special Milestones: Perfect for your Ben Ming Nian (zodiac birth year).
•	🎁 Holidays: A wonderful gift for New Year, Mid-Autumn, or Spring Festival.
🎁 A Note of Surprise: Each set comes with a hand-selected, beautifully designed greeting card from our collection. Think of it as a little surprise—whichever card arrives with your pin is the one meant to share its unique, heartfelt message with you or your recipient.
Whether for friends, family, or someone special, this pin is a versatile fashion statement. Style it on your scarf, lapel, hat, or backpack—a subtle, chic detail that makes your outfit stand out. May your journey ahead be smooth and prosperous.
✈️Shipping & Usage Notes
•	Please Note: The package contains an enamel pin, a greeting card and two Chinese Landscape Stickers .
•	Shipping: We offer FREE shipping on all orders. We hope these beautiful blessings reach you soon.
",2026-07-26 10:00:00
S002,"💎 Product Description
Crafted with high-quality crane hard enamel, this pin features a durable metal backing and a refined metal frame. The intricate enamel fill reveals different textures as it catches the light. The seamless transition from white to deep cyan feathers highlights the delicacy of the craftsmanship and perfectly recreates the elegant aesthetics of traditional Chinese brush painting. Its cool-toned palette offers a modern and sophisticated look.
•	Size: Approx. 4 x 5 x 1 cm
🎁Perfect for Every Occasion
This unique, neo-Chinese style accessory makes for a meaningful and thoughtful gift. It is an ideal choice for:
•  🎓 Graduations: Wishing a bright and prosperous future.
•  🚗 New Car Owners: Wishing for smooth journeys.
•  🧧 Special Milestones: Perfect for Ben Ming Nian (the zodiac year of birth).
•  🎁 Holidays: A wonderful gift for New Year, Christmas, Mid-Autumn, or Spring Festival.
🎁 A Note of Surprise: Each set comes with a hand-selected, beautifully designed greeting card from our collection. Think of it as a little surprise—whichever card arrives with your pin is the one meant to share its unique, heartfelt message with you or your recipient.
Whether for friends, family, or someone special, this pin is a versatile fashion statement. Its compact design allows it to be styled on scarves, lapels, hats, or backpacks—a subtle detail that makes your outfit stand out. May your journey ahead be smooth and prosperous.
✈️Shipping & Usage Notes
•	Please Note: The package contains an enamel pin, a greeting card and two Chinese Landscape Stickers.
•	Shipping: We offer FREE shipping on all orders. We hope these beautiful blessings reach you soon.
",2026-07-26 10:05:00
S003,"💎 Product Description
Crafted with premium hard enamel, this pin features a durable metal backing and a refined metal frame. The design utilizes a vibrant palette of red, white, and gold—the most auspicious and celebratory colors in Chinese tradition. Unlike the serene aesthetics of the crane, the twisting, dynamic form of the Koi captures a sense of ""lively, spirited energy,"" perfectly mirroring the excitement of a fortunate moment.
•	Size: Approx. 3.9 x 1.8 x 1 cm
🎁Perfect for Every Occasion
This unique, neo-Chinese style accessory is a meaningful and thoughtful gift for:
•	🎓 Graduations: Wishing for a bright and prosperous future.
•	🧧 Special Milestones: Perfect for your Ben Ming Nian (zodiac birth year).
•	🎁 Holidays: A wonderful choice for New Year, Christmas, Mid-Autumn, or Spring Festival.
🎁 A Note of Surprise: Each set comes with a hand-selected, beautifully designed greeting card from our collection. Think of it as a little surprise—whichever card arrives with your pin is the one meant to share its unique, heartfelt message with you or your recipient.
Whether for friends, family, or someone special, this pin is a versatile fashion statement. Style it on your scarf, lapel, hat, or backpack—a subtle, chic detail that makes your outfit stand out. May your journey ahead be smooth and prosperous!
✈️Shipping & Usage Notes
•	Please Note: The package contains an enamel pin, a greeting card and two Chinese Landscape Stickers.
•	Shipping: We offer FREE shipping on all orders. We hope these beautiful blessings reach you soon.
",2026-07-26 10:08:00
S004,"💎 Product Description
Crafted with premium hard enamel, this pin features a durable metal backing and a refined metal frame. The lotus petals are filled with clean, crisp white enamel, accented by a soft, natural transition of pastel pink that captures the essence of the ""Lotus rising from the water."" The vibrant, golden-toned stamen acts as the visual focal point, adding depth and a spark of vitality. The delicate metal outlining gives the flower a sophisticated silhouette. In our fast-paced modern life, this color palette offers a soothing, meditative effect—a small, soft moment of peace for you to carry anywhere.
•	Size: Approx. 4.1 x 3.5 x 1 cm
🎁Perfect for Every Occasion
This unique, neo-Chinese style accessory is a meaningful and thoughtful gift for:
•	🎓 Graduations: Wishing for a bright, clean, and prosperous future.
•	🧧 Special Milestones: Perfect for your Ben Ming Nian (zodiac birth year).
•	🎁 Holidays: A perfect gift for New Year, Christmas, Mid-Autumn, or Spring Festival.
🎁 A Note of Surprise: Each set comes with a hand-selected, beautifully designed greeting card from our collection. Think of it as a little surprise—whichever card arrives with your pin is the one meant to share its unique, heartfelt message with you or your recipient.
Whether for friends, family, or someone special, this pin is a versatile fashion statement. Style it on your scarf, lapel, hat, or backpack—a subtle, chic detail that makes your outfit stand out. May your journey ahead be smooth and prosperous!
✈️Shipping & Usage Notes
•	Please Note: The package contains an enamel pin, a greeting card and two Chinese Landscape Stickers.
•	Shipping: We offer FREE shipping on all orders. We hope these beautiful blessings reach you soon.
",2026-07-26 10:12:00
S005,"💎 Product Description
Crafted with premium hard enamel, this pin features a durable metal backing and a refined metal frame. This set captures two cranes in mid-flight, each with a distinct, dynamic posture. The flowing lines and intricate textures of the feathers are meticulously etched in metal, creating a sense of graceful movement. The centerpiece is the crane's beak delicately holding a soft, lustrous pearl. The contrast between the brilliant metallic sheen and the warm, gentle glow of the pearl adds a stunning three-dimensional depth, perfectly bringing the concept of ""perfect harmony"" to life.
•	Size: Approx. 5 x 5 x 2 cm
🎁Perfect for Every Occasion
This unique, neo-Chinese style accessory is a meaningful and thoughtful gift for:
•	❤️ Anniversaries & Valentine’s Day: A perfect token for a deep, destined connection.
•	🎂 Birthdays: Celebrating the unique bond you share.
•	🎁 Holidays: A wonderful gift for New Year, Christmas, Mid-Autumn, or Spring Festival.
🎁 A Note of Surprise: Each set comes with a hand-selected, beautifully designed greeting card from our collection. Think of it as a little surprise—whichever card arrives with your pin is the one meant to share its unique, heartfelt message with you or your recipient.
Whether for friends, family, or someone special, this pin is a versatile fashion statement. Style it on your scarf, lapel, hat, or backpack—a subtle, chic detail that makes your outfit stand out. May your journey ahead be smooth and prosperous!
✈️Shipping & Usage Notes
•	Please Note: The package contains an enamel pin, a greeting card and two Chinese Landscape Stickers.
•	Shipping: We offer FREE shipping on all orders. We hope these beautiful blessings reach you soon.
",2026-07-26 10:20:00
S006,"💎 Product Description
Crafted with premium hard enamel, this pin features a durable metal backing and a refined metal frame. This set captures two cranes in mid-flight, each with a distinct, dynamic posture. The flowing lines and intricate textures of the feathers are meticulously etched in metal, creating a sense of graceful movement. The centerpiece is the crane's beak delicately holding a soft, lustrous pearl. The contrast between the brilliant metallic sheen and the warm, gentle glow of the pearl adds a stunning three-dimensional depth, perfectly bringing the concept of ""perfect harmony"" to life.
•	Size: Approx. 5 x 5 x 2 cm
🎁Perfect for Every Occasion
This unique, neo-Chinese style accessory is a meaningful and thoughtful gift for:
•	❤️ Anniversaries & Valentine’s Day: A perfect token for a deep, destined connection.
•	🎂 Birthdays: Celebrating the unique bond you share.
•	🎁 Holidays: A wonderful gift for New Year, Christmas, Mid-Autumn, or Spring Festival.
🎁 A Note of Surprise: Each set comes with a hand-selected, beautifully designed greeting card from our collection. Think of it as a little surprise—whichever card arrives with your pin is the one meant to share its unique, heartfelt message with you or your recipient.
Whether for friends, family, or someone special, this pin is a versatile fashion statement. Style it on your scarf, lapel, hat, or backpack—a subtle, chic detail that makes your outfit stand out. May your journey ahead be smooth and prosperous!
✈️Shipping & Usage Notes
•	Please Note: The package contains an enamel pin, a greeting card and two Chinese Landscape Stickers.
•	Shipping: We offer FREE shipping on all orders. We hope these beautiful blessings reach you soon.
",2026-07-26 10:16:00
